{
  "users": [
    {
      "username": "abcd@gmail.com",
      "password": "12345",
      "confirmPassword": "12345",
      "id": "pA1g3Z6"
    },
    {
      "username": "abcde@gmail.com",
      "password": "123456",
      "confirmPassword": "123456",
      "id": "0SWYiDS"
    },
    {
      "username": "sonal@gmail.com",
      "password": "123",
      "confirmPassword": "123",
      "id": "bDPwQWv"
    },
    {
      "username": "bhargavi@gmail.com",
      "password": "12345",
      "confirmPassword": "12345",
      "id": "VTsnBPf"
    },
    {
      "id": "f6b7",
      "username": "sakshi@gmail.com",
      "password": "1234",
      "confirmPassword": "1234"
    },
    {
      "id": "3a3e",
      "username": "ann@gmail.com",
      "password": "123",
      "confirmPassword": "123"
    },
    {
      "id": "7cd0",
      "username": "aditya@gmail.com",
      "password": "456",
      "confirmPassword": "456"
    }
  ],
  "favourites": [
    {
      "id": "cf36",
      "city": "hyderabad"
    },
    {
      "id": "7805",
      "city": "punjab"
    }
  ]
}