{
  "hash": "07108225",
  "configHash": "4e7b0354",
  "lockfileHash": "4a3b96ec",
  "browserHash": "fefc9dc5",
  "optimized": {
    "@angular/common": {
      "src": "../../../../../node_modules/@angular/common/fesm2022/common.mjs",
      "file": "@angular_common.js",
      "fileHash": "39ad63f5",
      "needsInterop": false
    },
    "@angular/common/http": {
      "src": "../../../../../node_modules/@angular/common/fesm2022/http.mjs",
      "file": "@angular_common_http.js",
      "fileHash": "fa65ef0b",
      "needsInterop": false
    },
    "@angular/core": {
      "src": "../../../../../node_modules/@angular/core/fesm2022/core.mjs",
      "file": "@angular_core.js",
      "fileHash": "f835fcc4",
      "needsInterop": false
    },
    "@angular/forms": {
      "src": "../../../../../node_modules/@angular/forms/fesm2022/forms.mjs",
      "file": "@angular_forms.js",
      "fileHash": "30bf344a",
      "needsInterop": false
    },
    "@angular/material/button": {
      "src": "../../../../../node_modules/@angular/material/fesm2022/button.mjs",
      "file": "@angular_material_button.js",
      "fileHash": "5089968c",
      "needsInterop": false
    },
    "@angular/material/card": {
      "src": "../../../../../node_modules/@angular/material/fesm2022/card.mjs",
      "file": "@angular_material_card.js",
      "fileHash": "ca6b40df",
      "needsInterop": false
    },
    "@angular/material/form-field": {
      "src": "../../../../../node_modules/@angular/material/fesm2022/form-field.mjs",
      "file": "@angular_material_form-field.js",
      "fileHash": "2a1f9dea",
      "needsInterop": false
    },
    "@angular/material/grid-list": {
      "src": "../../../../../node_modules/@angular/material/fesm2022/grid-list.mjs",
      "file": "@angular_material_grid-list.js",
      "fileHash": "a2e0c02a",
      "needsInterop": false
    },
    "@angular/material/input": {
      "src": "../../../../../node_modules/@angular/material/fesm2022/input.mjs",
      "file": "@angular_material_input.js",
      "fileHash": "c28f4e63",
      "needsInterop": false
    },
    "@angular/material/list": {
      "src": "../../../../../node_modules/@angular/material/fesm2022/list.mjs",
      "file": "@angular_material_list.js",
      "fileHash": "a2ef45e6",
      "needsInterop": false
    },
    "@angular/material/snack-bar": {
      "src": "../../../../../node_modules/@angular/material/fesm2022/snack-bar.mjs",
      "file": "@angular_material_snack-bar.js",
      "fileHash": "59b01ebd",
      "needsInterop": false
    },
    "@angular/platform-browser": {
      "src": "../../../../../node_modules/@angular/platform-browser/fesm2022/platform-browser.mjs",
      "file": "@angular_platform-browser.js",
      "fileHash": "a9c087c5",
      "needsInterop": false
    },
    "@angular/platform-browser/animations/async": {
      "src": "../../../../../node_modules/@angular/platform-browser/fesm2022/animations/async.mjs",
      "file": "@angular_platform-browser_animations_async.js",
      "fileHash": "4f2c7bed",
      "needsInterop": false
    },
    "@angular/router": {
      "src": "../../../../../node_modules/@angular/router/fesm2022/router.mjs",
      "file": "@angular_router.js",
      "fileHash": "94c8a994",
      "needsInterop": false
    },
    "rxjs": {
      "src": "../../../../../node_modules/rxjs/dist/esm5/index.js",
      "file": "rxjs.js",
      "fileHash": "95134051",
      "needsInterop": false
    },
    "rxjs/operators": {
      "src": "../../../../../node_modules/rxjs/dist/esm5/operators/index.js",
      "file": "rxjs_operators.js",
      "fileHash": "5e084017",
      "needsInterop": false
    }
  },
  "chunks": {
    "browser-RIGKPRJQ": {
      "file": "browser-RIGKPRJQ.js"
    },
    "chunk-BXDU5B2J": {
      "file": "chunk-BXDU5B2J.js"
    },
    "chunk-R7O7VYHX": {
      "file": "chunk-R7O7VYHX.js"
    },
    "chunk-NWOEQNZ2": {
      "file": "chunk-NWOEQNZ2.js"
    },
    "chunk-VEQEFBK6": {
      "file": "chunk-VEQEFBK6.js"
    },
    "chunk-ZZOOZKFA": {
      "file": "chunk-ZZOOZKFA.js"
    },
    "chunk-DO6VUGVC": {
      "file": "chunk-DO6VUGVC.js"
    },
    "chunk-GGCQWT6T": {
      "file": "chunk-GGCQWT6T.js"
    },
    "chunk-NWCBAPEK": {
      "file": "chunk-NWCBAPEK.js"
    },
    "chunk-2Z35H5P4": {
      "file": "chunk-2Z35H5P4.js"
    },
    "chunk-SRFSF4BX": {
      "file": "chunk-SRFSF4BX.js"
    },
    "chunk-JWFVXZTN": {
      "file": "chunk-JWFVXZTN.js"
    },
    "chunk-GY475XLT": {
      "file": "chunk-GY475XLT.js"
    },
    "chunk-FQPGRUHQ": {
      "file": "chunk-FQPGRUHQ.js"
    }
  }
}