{
  "users": [
    {
      "username": "abcd@gmail.com",
      "password": "12345",
      "confirmPassword": "12345",
      "id": "pA1g3Z6"
    },
    {
      "username": "abcde@gmail.com",
      "password": "123456",
      "confirmPassword": "123456",
      "id": "0SWYiDS"
    },
    {
      "username": "sonal@gmail.com",
      "password": "123",
      "confirmPassword": "123",
      "id": "bDPwQWv"
    },
    
    {
      "id": "3a3e",
      "username": "ann@gmail.com",
      "password": "123",
      "confirmPassword": "123"
    },
    
    {
      "fullName": "abcdef",
      "email": "abcd@gmail.com",
      "password": "123",
      "confirmPassword": "123",
      "id": "FHqzjSg"
    },
    {
      "fullName": "Rajeev",
      "email": "rajeev@gmail.com",
      "password": "12345",
      "confirmPassword": "12345",
      "id": "suzp79j"
    }
  ],
  "favourites": [
    {
      "id": "cad0",
      "city": "hyderabad"
    },
    {
      "id": "28ef",
      "city": "Pune"
    },
    {
      "id": "3e19",
      "city": "gujrat"
    },
    {
      "id": "fcde",
      "city": "chennai"
    }
  ]
}