{
  "hash": "3d3bd2a5",
  "configHash": "c74fbedd",
  "lockfileHash": "bf0817c7",
  "browserHash": "86d27314",
  "optimized": {
    "@angular/common": {
      "src": "../../../../../node_modules/@angular/common/fesm2022/common.mjs",
      "file": "@angular_common.js",
      "fileHash": "4a4e8cc3",
      "needsInterop": false
    },
    "@angular/common/http": {
      "src": "../../../../../node_modules/@angular/common/fesm2022/http.mjs",
      "file": "@angular_common_http.js",
      "fileHash": "f916abfe",
      "needsInterop": false
    },
    "@angular/core": {
      "src": "../../../../../node_modules/@angular/core/fesm2022/core.mjs",
      "file": "@angular_core.js",
      "fileHash": "28a4ec21",
      "needsInterop": false
    },
    "@angular/forms": {
      "src": "../../../../../node_modules/@angular/forms/fesm2022/forms.mjs",
      "file": "@angular_forms.js",
      "fileHash": "76f73768",
      "needsInterop": false
    },
    "@angular/material/button": {
      "src": "../../../../../node_modules/@angular/material/fesm2022/button.mjs",
      "file": "@angular_material_button.js",
      "fileHash": "25abc491",
      "needsInterop": false
    },
    "@angular/material/card": {
      "src": "../../../../../node_modules/@angular/material/fesm2022/card.mjs",
      "file": "@angular_material_card.js",
      "fileHash": "30f42576",
      "needsInterop": false
    },
    "@angular/material/form-field": {
      "src": "../../../../../node_modules/@angular/material/fesm2022/form-field.mjs",
      "file": "@angular_material_form-field.js",
      "fileHash": "c824eb75",
      "needsInterop": false
    },
    "@angular/material/grid-list": {
      "src": "../../../../../node_modules/@angular/material/fesm2022/grid-list.mjs",
      "file": "@angular_material_grid-list.js",
      "fileHash": "8ad7ad94",
      "needsInterop": false
    },
    "@angular/material/input": {
      "src": "../../../../../node_modules/@angular/material/fesm2022/input.mjs",
      "file": "@angular_material_input.js",
      "fileHash": "9c138008",
      "needsInterop": false
    },
    "@angular/material/list": {
      "src": "../../../../../node_modules/@angular/material/fesm2022/list.mjs",
      "file": "@angular_material_list.js",
      "fileHash": "0e71ddc4",
      "needsInterop": false
    },
    "@angular/material/snack-bar": {
      "src": "../../../../../node_modules/@angular/material/fesm2022/snack-bar.mjs",
      "file": "@angular_material_snack-bar.js",
      "fileHash": "a037ac1a",
      "needsInterop": false
    },
    "@angular/platform-browser": {
      "src": "../../../../../node_modules/@angular/platform-browser/fesm2022/platform-browser.mjs",
      "file": "@angular_platform-browser.js",
      "fileHash": "6d738fa0",
      "needsInterop": false
    },
    "@angular/platform-browser/animations/async": {
      "src": "../../../../../node_modules/@angular/platform-browser/fesm2022/animations/async.mjs",
      "file": "@angular_platform-browser_animations_async.js",
      "fileHash": "f5e01087",
      "needsInterop": false
    },
    "@angular/router": {
      "src": "../../../../../node_modules/@angular/router/fesm2022/router.mjs",
      "file": "@angular_router.js",
      "fileHash": "a27cf6cb",
      "needsInterop": false
    },
    "rxjs": {
      "src": "../../../../../node_modules/rxjs/dist/esm5/index.js",
      "file": "rxjs.js",
      "fileHash": "c7824aea",
      "needsInterop": false
    },
    "rxjs/operators": {
      "src": "../../../../../node_modules/rxjs/dist/esm5/operators/index.js",
      "file": "rxjs_operators.js",
      "fileHash": "df1d1419",
      "needsInterop": false
    }
  },
  "chunks": {
    "browser-CFB2SXXL": {
      "file": "browser-CFB2SXXL.js"
    },
    "chunk-R7O7VYHX": {
      "file": "chunk-R7O7VYHX.js"
    },
    "chunk-NWOEQNZ2": {
      "file": "chunk-NWOEQNZ2.js"
    },
    "chunk-DO6VUGVC": {
      "file": "chunk-DO6VUGVC.js"
    },
    "chunk-ZZOOZKFA": {
      "file": "chunk-ZZOOZKFA.js"
    },
    "chunk-BXDU5B2J": {
      "file": "chunk-BXDU5B2J.js"
    },
    "chunk-VEQEFBK6": {
      "file": "chunk-VEQEFBK6.js"
    },
    "chunk-GGCQWT6T": {
      "file": "chunk-GGCQWT6T.js"
    },
    "chunk-NWCBAPEK": {
      "file": "chunk-NWCBAPEK.js"
    },
    "chunk-2Z35H5P4": {
      "file": "chunk-2Z35H5P4.js"
    },
    "chunk-SRFSF4BX": {
      "file": "chunk-SRFSF4BX.js"
    },
    "chunk-GY475XLT": {
      "file": "chunk-GY475XLT.js"
    },
    "chunk-JWFVXZTN": {
      "file": "chunk-JWFVXZTN.js"
    },
    "chunk-FQPGRUHQ": {
      "file": "chunk-FQPGRUHQ.js"
    }
  }
}